{
    "id": "sheexcel",
    "title": "Sheexcel Module - Excel in your Sheets",
    "description": "A simple module that brings excel to your sheets.",
    "authors": [
        {
            "name": "muhahahahe",
            "discord": "muhahahahe"
        }
    ],
    "version": "0.3.1",
    "compatibility": {
        "minimum": "11",
        "verified": "12",
        "maximum": "12"
    },
    "esmodules": [
        "scripts/sheexcel.js"
    ],
    "styles": [
        "styles/sheexcel.css"
    ],
    "languages": [
        {
            "lang": "en",
            "name": "English",
            "path": "lang/en.json"
        }
    ],
    "url": "https://github.com/muhahahahe/foundry-sheexcel-module",
    "manifest": "https://raw.githubusercontent.com/muhahahahe/foundry-sheexcel-module/main/src/module.json",
    "download": "https://github.com/muhahahahe/foundry-sheexcel-module/releases/download/0.3.1/sheexcel_0.3.1.zip"
}